{"timestamps": [1588335432.303424, 1588335433.589811], "initial_reset_timestamp": 1588335430.151347, "episode_types": ["t", "t", "t"], "episode_lengths": [33, 19], "episode_rewards": [14443.62176741621, 7586.873180437363]}